DATE,AA1
2021-08-01 00:00:00,
2021-08-01 03:00:00,
2021-08-01 06:00:00,
2021-08-01 09:00:00,
2021-08-01 12:00:00,
2021-08-01 15:00:00,
2021-08-01 18:00:00,
2021-08-01 21:00:00,
2021-08-02 00:00:00,
2021-08-02 03:00:00,
2021-08-02 05:45:00,
2021-08-02 06:00:00,
2021-08-02 06:38:00,
2021-08-02 09:00:00,
2021-08-02 12:00:00,
2021-08-02 15:00:00,
2021-08-02 18:00:00,
2021-08-02 21:00:00,
2021-08-03 00:00:00,
2021-08-03 03:00:00,
2021-08-03 06:00:00,
2021-08-03 09:00:00,
2021-08-03 12:00:00,
2021-08-03 15:00:00,
2021-08-03 18:00:00,
2021-08-03 21:00:00,
2021-08-04 00:00:00,
2021-08-04 03:00:00,
2021-08-04 05:50:00,
2021-08-04 06:00:00,
2021-08-04 07:43:00,
2021-08-04 09:00:00,
2021-08-04 12:00:00,
2021-08-04 15:00:00,
2021-08-04 18:00:00,
2021-08-04 21:00:00,
2021-08-05 00:00:00,
2021-08-05 03:00:00,
2021-08-05 06:00:00,
2021-08-05 06:00:00,
2021-08-05 07:00:00,
2021-08-05 09:00:00,
2021-08-05 10:00:00,
2021-08-05 12:00:00,
2021-08-05 15:00:00,
2021-08-05 18:00:00,
2021-08-05 21:00:00,
2021-08-06 00:00:00,
2021-08-06 03:00:00,
2021-08-06 05:55:00,
2021-08-06 06:00:00,
2021-08-06 07:55:00,
2021-08-06 09:00:00,
2021-08-06 12:00:00,
2021-08-06 15:00:00,
2021-08-06 18:00:00,
2021-08-06 21:00:00,
2021-08-07 00:00:00,
2021-08-07 03:00:00,
2021-08-07 06:00:00,
2021-08-07 07:00:00,
2021-08-07 09:00:00,
2021-08-07 12:00:00,
2021-08-07 15:00:00,
2021-08-07 18:00:00,
2021-08-07 21:00:00,
2021-08-08 00:00:00,
2021-08-08 03:00:00,
2021-08-08 06:00:00,
2021-08-08 06:00:00,
2021-08-08 07:00:00,
2021-08-08 08:00:00,
2021-08-08 09:00:00,
2021-08-08 09:00:00,
2021-08-08 12:00:00,
2021-08-08 15:00:00,
2021-08-08 18:00:00,
2021-08-08 21:00:00,
2021-08-09 00:00:00,
2021-08-09 03:00:00,
2021-08-09 05:55:00,
2021-08-09 06:00:00,
2021-08-09 07:00:00,
2021-08-09 08:00:00,
2021-08-09 09:00:00,
2021-08-09 12:00:00,
2021-08-09 15:00:00,
2021-08-09 18:00:00,
2021-08-09 21:00:00,
2021-08-10 00:00:00,
2021-08-10 03:00:00,
2021-08-10 05:37:00,
2021-08-10 06:00:00,
2021-08-10 09:00:00,
2021-08-10 12:00:00,
2021-08-10 15:00:00,
2021-08-10 18:00:00,
2021-08-10 21:00:00,
2021-08-11 00:00:00,
2021-08-11 03:00:00,
2021-08-11 06:00:00,
2021-08-11 08:00:00,
2021-08-11 09:00:00,
2021-08-11 12:00:00,
2021-08-11 15:00:00,
2021-08-11 18:00:00,
2021-08-11 21:00:00,
2021-08-12 00:00:00,
2021-08-12 03:00:00,
2021-08-12 05:43:00,
2021-08-12 06:00:00,
2021-08-12 09:00:00,
2021-08-12 12:00:00,
2021-08-12 15:00:00,
2021-08-12 18:00:00,
2021-08-12 21:00:00,
2021-08-13 00:00:00,
2021-08-13 03:00:00,
2021-08-13 06:00:00,
2021-08-13 09:00:00,
2021-08-13 12:00:00,
2021-08-13 15:00:00,
2021-08-13 18:00:00,
2021-08-13 21:00:00,
2021-08-14 00:00:00,
2021-08-14 03:00:00,
2021-08-14 06:00:00,
2021-08-14 09:00:00,
2021-08-14 12:00:00,
2021-08-14 15:00:00,
2021-08-14 18:00:00,
2021-08-14 21:00:00,
2021-08-15 00:00:00,
2021-08-15 03:00:00,
2021-08-15 06:00:00,
2021-08-15 09:00:00,
2021-08-15 12:00:00,
2021-08-15 15:00:00,
2021-08-15 18:00:00,
2021-08-15 21:00:00,
2021-08-16 00:00:00,
2021-08-16 03:00:00,
2021-08-16 06:00:00,
2021-08-16 06:00:00,
2021-08-16 06:55:00,
2021-08-16 07:59:00,
2021-08-16 09:00:00,
2021-08-16 12:00:00,
2021-08-16 15:00:00,
2021-08-16 18:00:00,
2021-08-16 21:00:00,
2021-08-17 00:00:00,
2021-08-17 03:00:00,
2021-08-17 05:48:00,
2021-08-17 09:00:00,
2021-08-17 12:00:00,
2021-08-17 15:00:00,
2021-08-17 18:00:00,
2021-08-17 21:00:00,
2021-08-18 00:00:00,
2021-08-18 03:00:00,
2021-08-18 05:36:00,
2021-08-18 06:00:00,
2021-08-18 09:00:00,
2021-08-18 12:00:00,
2021-08-18 15:00:00,
2021-08-18 18:00:00,
2021-08-18 21:00:00,
2021-08-19 00:00:00,
2021-08-19 03:00:00,
2021-08-19 06:00:00,
2021-08-19 09:00:00,
2021-08-19 12:00:00,
2021-08-19 15:00:00,
2021-08-19 18:00:00,
2021-08-19 21:00:00,
2021-08-20 00:00:00,
2021-08-20 03:00:00,
2021-08-20 06:00:00,
2021-08-20 09:00:00,
2021-08-20 12:00:00,
2021-08-20 15:00:00,
2021-08-20 18:00:00,
2021-08-20 21:00:00,
2021-08-21 00:00:00,
2021-08-21 03:00:00,
2021-08-21 06:00:00,
2021-08-21 09:00:00,
2021-08-21 12:00:00,
2021-08-21 15:00:00,
2021-08-21 18:00:00,
2021-08-21 21:00:00,
2021-08-22 00:00:00,
2021-08-22 03:00:00,
2021-08-22 06:00:00,
2021-08-22 09:00:00,
2021-08-22 12:00:00,
2021-08-22 15:00:00,
2021-08-22 18:00:00,
2021-08-22 21:00:00,
2021-08-23 00:00:00,
2021-08-23 03:00:00,
2021-08-23 06:00:00,
2021-08-23 09:00:00,
2021-08-23 12:00:00,
2021-08-23 15:00:00,
2021-08-23 18:00:00,
2021-08-23 21:00:00,
2021-08-24 00:00:00,
2021-08-24 03:00:00,
2021-08-24 06:00:00,
2021-08-24 09:00:00,
2021-08-24 12:00:00,
2021-08-24 15:00:00,
2021-08-24 18:00:00,
2021-08-24 21:00:00,
2021-08-25 00:00:00,
2021-08-25 03:00:00,
2021-08-25 05:42:00,
2021-08-25 06:00:00,
2021-08-25 06:36:00,
2021-08-25 09:00:00,
2021-08-25 12:00:00,
2021-08-25 15:00:00,
2021-08-25 18:00:00,
2021-08-25 21:00:00,
2021-08-26 00:00:00,
2021-08-26 03:00:00,
2021-08-26 06:00:00,
2021-08-26 06:47:00,
2021-08-26 09:00:00,
2021-08-26 12:00:00,
2021-08-26 15:00:00,
2021-08-26 18:00:00,
2021-08-26 21:00:00,
2021-08-27 00:00:00,
2021-08-27 03:00:00,
2021-08-27 06:00:00,
2021-08-27 09:00:00,
2021-08-27 12:00:00,
2021-08-27 15:00:00,
2021-08-27 18:00:00,
2021-08-27 21:00:00,
2021-08-28 00:00:00,
2021-08-28 03:00:00,
2021-08-28 06:00:00,
2021-08-28 08:15:00,
2021-08-28 09:00:00,
2021-08-28 12:00:00,
2021-08-28 15:00:00,
2021-08-28 18:00:00,
2021-08-28 21:00:00,
2021-08-29 00:00:00,
2021-08-29 03:00:00,
2021-08-29 05:35:00,
2021-08-29 06:00:00,
2021-08-29 09:00:00,
2021-08-29 12:00:00,
2021-08-29 15:00:00,
2021-08-29 18:00:00,
2021-08-29 21:00:00,
2021-08-30 00:00:00,
2021-08-30 03:00:00,
2021-08-30 06:00:00,
2021-08-30 09:00:00,
2021-08-30 12:00:00,
2021-08-30 15:00:00,
2021-08-30 18:00:00,
2021-08-30 21:00:00,
2021-08-31 00:00:00,
2021-08-31 03:00:00,
2021-08-31 05:41:00,
2021-08-31 06:00:00,
2021-08-31 09:00:00,
2021-08-31 12:00:00,"06,0010,3,1"
2021-08-31 15:00:00,
2021-08-31 18:00:00,
2021-08-31 21:00:00,
2021-09-01 00:00:00,
2021-09-01 03:00:00,
2021-09-01 06:00:00,
2021-09-01 09:00:00,
2021-09-01 12:00:00,
2021-09-01 15:00:00,
2021-09-01 18:00:00,
2021-09-01 21:00:00,
2021-09-02 00:00:00,
2021-09-02 03:00:00,
2021-09-02 06:00:00,
2021-09-02 09:00:00,
2021-09-02 12:00:00,
2021-09-02 15:00:00,
2021-09-02 21:00:00,
2021-09-03 00:00:00,
2021-09-03 03:00:00,
2021-09-03 06:00:00,
2021-09-03 09:00:00,
2021-09-03 12:00:00,
2021-09-03 18:00:00,
2021-09-03 21:00:00,
2021-09-04 00:00:00,"18,0006,3,1"
2021-09-04 03:00:00,
2021-09-04 06:00:00,
2021-09-04 06:00:00,
2021-09-04 09:00:00,
2021-09-04 12:00:00,"06,0420,3,1"
2021-09-04 15:00:00,
2021-09-04 18:00:00,
2021-09-04 21:00:00,
2021-09-05 00:00:00,
2021-09-05 03:00:00,
2021-09-05 06:00:00,
2021-09-05 09:00:00,
2021-09-05 12:00:00,"06,0360,3,1"
2021-09-05 15:00:00,
2021-09-05 18:00:00,"06,1450,3,1"
2021-09-05 21:00:00,
2021-09-06 00:00:00,
2021-09-06 03:00:00,
2021-09-06 05:40:00,
2021-09-06 06:00:00,
2021-09-06 09:00:00,
2021-09-06 18:00:00,"12,0006,3,1"
2021-09-06 21:00:00,
2021-09-07 00:00:00,
2021-09-07 03:00:00,
2021-09-07 06:00:00,
2021-09-07 09:00:00,
2021-09-07 12:00:00,
2021-09-07 15:00:00,
2021-09-07 18:00:00,
2021-09-07 21:00:00,
2021-09-08 00:00:00,
2021-09-08 03:00:00,
2021-09-08 06:00:00,
2021-09-08 09:00:00,
2021-09-08 12:00:00,
2021-09-08 15:00:00,
2021-09-08 18:00:00,
2021-09-08 21:00:00,
2021-09-09 00:00:00,
2021-09-09 03:00:00,
2021-09-09 06:00:00,
2021-09-09 09:00:00,
2021-09-09 12:00:00,
2021-09-09 15:00:00,
2021-09-09 18:00:00,
2021-09-09 21:00:00,
2021-09-10 00:00:00,
2021-09-10 03:00:00,
2021-09-10 06:00:00,
2021-09-10 09:00:00,
2021-09-10 12:00:00,
2021-09-10 15:00:00,
2021-09-10 18:00:00,"12,0050,3,1"
2021-09-10 21:00:00,
2021-09-11 00:00:00,
2021-09-11 03:00:00,
2021-09-11 06:00:00,
2021-09-11 09:00:00,
2021-09-11 12:00:00,"06,0190,3,1"
2021-09-11 18:00:00,"06,0200,3,1"
2021-09-11 21:00:00,
2021-09-12 00:00:00,
2021-09-12 03:00:00,
2021-09-12 06:00:00,
2021-09-12 09:00:00,
2021-09-12 12:00:00,"06,0030,3,1"
2021-09-12 15:00:00,
2021-09-12 18:00:00,"06,0010,3,1"
2021-09-12 21:00:00,
2021-09-13 00:00:00,
2021-09-13 03:00:00,
2021-09-13 06:00:00,
2021-09-13 09:00:00,
2021-09-13 12:00:00,"06,0004,3,1"
2021-09-13 15:00:00,
2021-09-13 18:00:00,"06,0006,3,1"
2021-09-13 21:00:00,
2021-09-14 00:00:00,
2021-09-14 03:00:00,
2021-09-14 06:00:00,
2021-09-14 09:00:00,
2021-09-14 12:00:00,"06,0080,3,1"
2021-09-14 15:00:00,
2021-09-14 18:00:00,"06,0240,3,1"
2021-09-14 21:00:00,
2021-09-15 00:00:00,
2021-09-15 03:00:00,
2021-09-15 06:00:00,
2021-09-15 09:00:00,
2021-09-15 12:00:00,"06,0030,3,1"
2021-09-15 15:00:00,
2021-09-15 18:00:00,
2021-09-15 21:00:00,
2021-09-16 00:00:00,
2021-09-16 03:00:00,
2021-09-16 06:00:00,
2021-09-16 15:00:00,
2021-09-16 18:00:00,"12,0004,3,1"
2021-09-16 21:00:00,
2021-09-17 00:00:00,
2021-09-17 03:00:00,
2021-09-17 06:00:00,"12,0004,3,1"
2021-09-17 06:31:00,
2021-09-17 12:00:00,
2021-09-17 15:00:00,
2021-09-17 18:00:00,
2021-09-17 21:00:00,
2021-09-18 00:00:00,
2021-09-18 03:00:00,
2021-09-18 06:00:00,
2021-09-18 09:00:00,
2021-09-18 15:00:00,
2021-09-18 18:00:00,
2021-09-18 21:00:00,
2021-09-19 00:00:00,
2021-09-19 03:00:00,
2021-09-19 06:00:00,
2021-09-19 06:45:00,
2021-09-19 09:00:00,
2021-09-19 12:00:00,
2021-09-19 15:00:00,
2021-09-19 18:00:00,
2021-09-19 21:00:00,
2021-09-20 00:00:00,
2021-09-20 03:00:00,
2021-09-20 06:00:00,
2021-09-20 09:00:00,
2021-09-20 12:00:00,
2021-09-20 18:00:00,
2021-09-20 21:00:00,
2021-09-21 00:00:00,
2021-09-21 03:00:00,
2021-09-21 06:00:00,
2021-09-21 09:00:00,
2021-09-21 12:00:00,
2021-09-21 15:00:00,
2021-09-21 18:00:00,
2021-09-21 21:00:00,
2021-09-22 00:00:00,
2021-09-22 03:00:00,
2021-09-22 06:00:00,
2021-09-22 09:00:00,
2021-09-22 12:00:00,"06,0890,3,1"
2021-09-22 15:00:00,
2021-09-22 18:00:00,
2021-09-22 21:00:00,
2021-09-23 00:00:00,
2021-09-23 03:00:00,
2021-09-23 06:00:00,
2021-09-23 09:00:00,
2021-09-23 12:00:00,
2021-09-23 15:00:00,
2021-09-23 18:00:00,
2021-09-23 21:00:00,
2021-09-24 00:00:00,
2021-09-24 03:00:00,
2021-09-24 06:00:00,
2021-09-24 09:00:00,
2021-09-24 12:00:00,
2021-09-24 15:00:00,
2021-09-24 18:00:00,
2021-09-24 21:00:00,
2021-09-25 00:00:00,
2021-09-25 03:00:00,
2021-09-25 06:00:00,
2021-09-25 09:00:00,
2021-09-25 12:00:00,
2021-09-25 15:00:00,
2021-09-25 18:00:00,
2021-09-25 21:00:00,
2021-09-26 00:00:00,
2021-09-26 03:00:00,
2021-09-26 06:00:00,
2021-09-26 09:00:00,
2021-09-26 12:00:00,
2021-09-26 15:00:00,
2021-09-26 18:00:00,
2021-09-26 21:00:00,
2021-09-27 00:00:00,
2021-09-27 03:00:00,
2021-09-27 06:00:00,
2021-09-27 09:00:00,
2021-09-27 12:00:00,
2021-09-27 15:00:00,
2021-09-27 18:00:00,
2021-09-27 18:21:00,
2021-09-27 21:00:00,
2021-09-27 21:22:00,
2021-09-28 00:00:00,"18,0002,3,1"
2021-09-28 03:00:00,
2021-09-28 06:00:00,
2021-09-28 09:00:00,
2021-09-28 12:00:00,
2021-09-28 14:34:00,
2021-09-28 15:00:00,
2021-09-28 15:25:00,
2021-09-28 18:00:00,"12,0008,3,1"
2021-09-28 21:00:00,
2021-09-29 00:00:00,
2021-09-29 03:00:00,
2021-09-29 06:00:00,
2021-09-29 09:00:00,
2021-09-29 12:00:00,
2021-09-29 13:42:00,
2021-09-29 15:00:00,
2021-09-29 16:33:00,
2021-09-29 18:00:00,"12,0010,3,1"
2021-09-29 20:12:00,
2021-09-29 21:00:00,
2021-09-30 00:00:00,"06,0120,3,1"
2021-09-30 03:00:00,
2021-09-30 04:42:00,
2021-09-30 04:52:00,
2021-09-30 05:27:00,
2021-09-30 06:00:00,"06,0010,3,1"
2021-09-30 07:23:00,
2021-09-30 09:00:00,
2021-09-30 12:00:00,
2021-09-30 15:00:00,
2021-09-30 18:00:00,
2021-09-30 21:00:00,
2021-10-01 00:00:00,"18,0006,3,1"
2021-10-01 03:00:00,
2021-10-01 06:00:00,"06,0344,3,1"
2021-10-01 08:29:00,
2021-10-01 09:00:00,
2021-10-01 12:00:00,"06,0008,3,1"
2021-10-01 15:00:00,
2021-10-01 18:00:00,
2021-10-01 21:00:00,
2021-10-01 23:00:00,
2021-10-02 00:00:00,"18,0060,3,1"
2021-10-02 03:00:00,
2021-10-02 06:00:00,"06,0020,3,1"
2021-10-02 09:00:00,
2021-10-02 12:00:00,
2021-10-02 15:00:00,
2021-10-02 18:00:00,
2021-10-02 21:00:00,
2021-10-03 00:00:00,
2021-10-03 03:00:00,
2021-10-03 06:00:00,
2021-10-03 09:00:00,
2021-10-03 12:00:00,
2021-10-03 15:00:00,
2021-10-03 18:00:00,
2021-10-03 21:00:00,
2021-10-04 00:00:00,
2021-10-04 03:00:00,
2021-10-04 06:00:00,
2021-10-04 09:00:00,
2021-10-04 12:00:00,
2021-10-04 13:00:00,
2021-10-04 15:00:00,
2021-10-04 18:00:00,
2021-10-04 21:00:00,
2021-10-05 00:00:00,
2021-10-05 03:00:00,
2021-10-05 06:00:00,
2021-10-05 09:00:00,
2021-10-05 12:00:00,
2021-10-05 15:00:00,
2021-10-05 18:00:00,
2021-10-05 21:00:00,
2021-10-06 00:00:00,
2021-10-06 03:00:00,
2021-10-06 06:00:00,
2021-10-06 09:00:00,
2021-10-06 12:00:00,
2021-10-06 15:00:00,
2021-10-06 18:00:00,
2021-10-06 21:00:00,
2021-10-07 00:00:00,
2021-10-07 03:00:00,
2021-10-07 06:00:00,
2021-10-07 09:00:00,
2021-10-07 12:00:00,
2021-10-07 18:00:00,
2021-10-07 19:35:00,
2021-10-07 20:01:00,
2021-10-08 00:00:00,"18,0200,3,1"
2021-10-08 01:09:00,
2021-10-08 01:17:00,
2021-10-08 03:00:00,
2021-10-08 06:00:00,"06,0100,3,1"
2021-10-08 09:00:00,
2021-10-08 12:00:00,
2021-10-08 15:00:00,
2021-10-08 18:00:00,
2021-10-08 21:00:00,
2021-10-09 00:00:00,
2021-10-09 03:00:00,
2021-10-09 05:47:00,
2021-10-09 06:00:00,
2021-10-09 09:00:00,
2021-10-09 12:00:00,
2021-10-09 15:00:00,
2021-10-09 18:00:00,
2021-10-09 21:00:00,
2021-10-10 00:00:00,
2021-10-10 03:00:00,
2021-10-10 06:00:00,
2021-10-10 09:00:00,
2021-10-10 12:00:00,
2021-10-10 15:00:00,
2021-10-10 18:00:00,
2021-10-10 21:00:00,
2021-10-11 00:00:00,
2021-10-11 03:00:00,
2021-10-11 06:00:00,
2021-10-11 09:00:00,
2021-10-11 12:00:00,
2021-10-11 15:00:00,
2021-10-11 18:00:00,
2021-10-11 21:00:00,
2021-10-12 00:00:00,
2021-10-12 06:00:00,
2021-10-12 09:00:00,
2021-10-12 12:00:00,
2021-10-12 15:00:00,
2021-10-12 18:00:00,
2021-10-12 21:00:00,
2021-10-13 00:00:00,
2021-10-13 03:00:00,
2021-10-13 06:00:00,
2021-10-13 09:00:00,
2021-10-13 12:00:00,
2021-10-13 15:00:00,
2021-10-13 18:00:00,
2021-10-13 21:00:00,
2021-10-14 00:00:00,
2021-10-14 03:00:00,
2021-10-14 04:46:00,
2021-10-14 05:48:00,
2021-10-14 06:00:00,
2021-10-14 06:50:00,
2021-10-14 09:00:00,
2021-10-14 12:00:00,
2021-10-14 15:00:00,
2021-10-14 21:00:00,
2021-10-15 00:00:00,
2021-10-15 03:00:00,
2021-10-15 09:00:00,
2021-10-15 12:00:00,
2021-10-15 15:00:00,
2021-10-15 18:00:00,
2021-10-15 21:00:00,
2021-10-16 00:00:00,
2021-10-16 03:00:00,
2021-10-16 06:00:00,
2021-10-16 09:00:00,
2021-10-16 12:00:00,
2021-10-16 15:00:00,
2021-10-16 18:00:00,
2021-10-16 21:00:00,
2021-10-17 00:00:00,
2021-10-17 03:00:00,
2021-10-17 06:00:00,
2021-10-17 09:00:00,
2021-10-17 12:00:00,
2021-10-17 15:00:00,
2021-10-17 18:00:00,
2021-10-17 21:00:00,
2021-10-18 00:00:00,
2021-10-18 03:00:00,
2021-10-18 06:00:00,
2021-10-18 09:00:00,
2021-10-18 12:00:00,
2021-10-18 15:00:00,
2021-10-18 18:00:00,
2021-10-18 21:00:00,
2021-10-19 00:00:00,
2021-10-19 03:00:00,
2021-10-19 06:00:00,
2021-10-19 09:00:00,
2021-10-19 12:00:00,
2021-10-19 15:00:00,
2021-10-19 15:48:00,
2021-10-19 18:00:00,
2021-10-19 21:00:00,
2021-10-20 00:00:00,
2021-10-20 03:00:00,
2021-10-20 06:00:00,
2021-10-20 09:00:00,
2021-10-20 12:00:00,
2021-10-20 15:00:00,
2021-10-20 18:00:00,
2021-10-20 21:00:00,
2021-10-21 00:00:00,
2021-10-21 03:00:00,
2021-10-21 06:00:00,
2021-10-21 09:00:00,
2021-10-21 12:00:00,
2021-10-21 15:00:00,
2021-10-21 18:00:00,
2021-10-21 21:00:00,
2021-10-22 00:00:00,
2021-10-22 03:00:00,
2021-10-22 06:00:00,"24,0010,3,1"
2021-10-22 09:00:00,
2021-10-22 12:00:00,"06,0004,3,1"
2021-10-22 15:00:00,
2021-10-22 18:00:00,
2021-10-22 21:00:00,
2021-10-23 00:00:00,
2021-10-23 03:00:00,
2021-10-23 06:00:00,
2021-10-23 09:00:00,
2021-10-23 12:00:00,
2021-10-23 15:00:00,
2021-10-23 21:00:00,
2021-10-24 00:00:00,
2021-10-24 03:00:00,
2021-10-24 06:00:00,
2021-10-24 09:00:00,
2021-10-24 12:00:00,
2021-10-24 15:00:00,
2021-10-24 18:00:00,
2021-10-24 21:00:00,
2021-10-25 00:00:00,
2021-10-25 03:00:00,
2021-10-25 06:00:00,
2021-10-25 08:40:00,
2021-10-25 09:00:00,
2021-10-25 10:37:00,
2021-10-25 15:00:00,
2021-10-25 18:00:00,"12,0040,3,1"
2021-10-25 21:00:00,
2021-10-26 00:00:00,"06,0080,3,1"
2021-10-26 03:00:00,
2021-10-26 06:00:00,
2021-10-26 07:36:00,
2021-10-26 09:00:00,
2021-10-26 12:00:00,
2021-10-26 15:00:00,
2021-10-26 18:00:00,
2021-10-26 21:00:00,
2021-10-27 00:00:00,
2021-10-27 03:00:00,
2021-10-27 03:30:00,
2021-10-27 06:00:00,
2021-10-27 12:00:00,
2021-10-27 15:00:00,
2021-10-27 18:00:00,"12,0002,3,1"
2021-10-27 21:00:00,
2021-10-28 00:00:00,
2021-10-28 03:00:00,
2021-10-28 06:00:00,
2021-10-28 09:00:00,
2021-10-28 12:00:00,
2021-10-28 15:00:00,
2021-10-28 18:00:00,
2021-10-28 21:00:00,
2021-10-29 00:00:00,
2021-10-29 03:00:00,
2021-10-29 06:00:00,
2021-10-29 09:00:00,
2021-10-29 12:00:00,
2021-10-29 15:00:00,
2021-10-29 18:00:00,
2021-10-29 21:00:00,
2021-10-30 00:00:00,"18,0060,3,1"
2021-10-30 03:00:00,
2021-10-30 06:00:00,
2021-10-30 09:00:00,
2021-10-30 12:00:00,"06,0002,3,1"
2021-10-30 15:00:00,
2021-10-30 18:00:00,
2021-10-30 21:00:00,
2021-10-31 00:00:00,
2021-10-31 03:00:00,
2021-10-31 09:00:00,
2021-10-31 12:00:00,
2021-10-31 15:00:00,
2021-10-31 18:00:00,
2021-10-31 21:00:00,
2021-11-01 00:00:00,
2021-11-01 03:00:00,
2021-11-01 05:44:00,
2021-11-01 06:00:00,
2021-11-01 09:00:00,
2021-11-01 12:00:00,
2021-11-01 15:00:00,
2021-11-01 18:00:00,
2021-11-01 21:00:00,
2021-11-02 00:00:00,
2021-11-02 03:00:00,
2021-11-02 09:00:00,
2021-11-02 12:00:00,
2021-11-02 15:00:00,
2021-11-02 18:00:00,
2021-11-02 21:00:00,
2021-11-03 00:00:00,
2021-11-03 03:00:00,
2021-11-03 04:38:00,
2021-11-03 05:41:00,
2021-11-03 06:00:00,
2021-11-03 09:00:00,
2021-11-03 12:00:00,
2021-11-03 15:00:00,
2021-11-03 18:00:00,
2021-11-03 21:00:00,
2021-11-04 00:00:00,
2021-11-04 03:00:00,
2021-11-04 06:00:00,
2021-11-04 09:00:00,
2021-11-04 12:00:00,
2021-11-04 15:00:00,
2021-11-04 18:00:00,
2021-11-04 21:00:00,
2021-11-04 21:25:00,
2021-11-05 00:00:00,"18,0010,3,1"
2021-11-05 03:00:00,
2021-11-05 06:00:00,
2021-11-05 09:00:00,
2021-11-05 12:00:00,
2021-11-05 15:00:00,
2021-11-05 15:19:00,
2021-11-05 18:00:00,"12,0060,3,1"
2021-11-05 21:00:00,
2021-11-06 00:00:00,
2021-11-06 03:00:00,
2021-11-06 06:00:00,
2021-11-06 09:00:00,
2021-11-06 12:00:00,"06,0002,3,1"
2021-11-06 15:00:00,
2021-11-06 15:41:00,
2021-11-06 18:00:00,"06,0006,3,1"
2021-11-06 21:00:00,
2021-11-07 00:00:00,
2021-11-07 03:00:00,
2021-11-07 06:00:00,
2021-11-07 09:00:00,
2021-11-07 12:00:00,
2021-11-08 07:30:00,
2021-11-08 09:00:00,
2021-11-08 09:00:00,
2021-11-08 12:00:00,"06,0070,3,1"
2021-11-08 15:00:00,
2021-11-08 18:00:00,"06,0030,3,1"
2021-11-08 21:00:00,
2021-11-09 00:00:00,
2021-11-09 03:00:00,
2021-11-09 04:47:00,
2021-11-09 05:42:00,
2021-11-09 06:00:00,
2021-11-09 09:00:00,
2021-11-09 12:00:00,
2021-11-09 15:00:00,
2021-11-09 18:00:00,
2021-11-09 21:00:00,
2021-11-10 00:00:00,
2021-11-10 03:00:00,
2021-11-10 06:00:00,
2021-11-10 09:00:00,
2021-11-10 12:00:00,
2021-11-10 15:00:00,
2021-11-10 18:00:00,
2021-11-10 21:00:00,
2021-11-11 00:00:00,
2021-11-11 03:00:00,
2021-11-11 06:00:00,
2021-11-11 09:00:00,
2021-11-11 12:00:00,
2021-11-11 15:00:00,
2021-11-11 18:00:00,
2021-11-11 21:00:00,
2021-11-12 00:00:00,
2021-11-12 03:00:00,
2021-11-12 06:00:00,
2021-11-12 09:00:00,
2021-11-12 12:00:00,
2021-11-12 15:00:00,
2021-11-12 18:00:00,
2021-11-12 21:00:00,
2021-11-13 00:00:00,
2021-11-13 03:00:00,
2021-11-13 06:00:00,
2021-11-13 09:00:00,
2021-11-13 12:00:00,
2021-11-13 15:00:00,
2021-11-13 18:00:00,"12,0006,3,1"
2021-11-13 21:00:00,
2021-11-14 00:00:00,
2021-11-14 03:00:00,
2021-11-14 06:00:00,
2021-11-14 09:00:00,
2021-11-14 15:00:00,
2021-11-14 18:00:00,
2021-11-14 21:00:00,
2021-11-15 00:00:00,
2021-11-15 03:00:00,
2021-11-15 06:00:00,
2021-11-15 09:00:00,
2021-11-15 12:00:00,
2021-11-15 15:00:00,
2021-11-15 18:00:00,
2021-11-15 21:00:00,
2021-11-16 00:00:00,
2021-11-16 06:00:00,
2021-11-16 09:00:00,
2021-11-16 12:00:00,
2021-11-16 15:00:00,
2021-11-16 18:00:00,
2021-11-16 21:00:00,
2021-11-17 00:00:00,
2021-11-17 03:00:00,
2021-11-17 06:00:00,
2021-11-17 09:00:00,
2021-11-17 12:00:00,
2021-11-17 14:24:00,
2021-11-17 15:00:00,
2021-11-17 15:11:00,
2021-11-17 18:00:00,"12,0030,3,1"
2021-11-17 19:29:00,
2021-11-17 21:00:00,
2021-11-18 00:00:00,"06,0030,3,1"
2021-11-18 03:00:00,
2021-11-18 05:51:00,
2021-11-18 06:00:00,
2021-11-18 09:00:00,
2021-11-18 12:00:00,
2021-11-18 15:00:00,
2021-11-18 15:42:00,
2021-11-18 15:45:00,
2021-11-18 18:00:00,"12,0120,3,1"
2021-11-18 21:00:00,
2021-11-19 00:00:00,
2021-11-19 03:00:00,
2021-11-19 04:13:00,
2021-11-19 06:00:00,"06,0010,3,1"
2021-11-19 09:00:00,
2021-11-19 12:00:00,
2021-11-19 15:00:00,
2021-11-19 17:47:00,
2021-11-19 18:00:00,
2021-11-19 21:00:00,
2021-11-20 00:00:00,
2021-11-20 03:00:00,
2021-11-20 06:00:00,
2021-11-20 09:00:00,
2021-11-20 12:00:00,
2021-11-20 14:38:00,
2021-11-20 15:11:00,
2021-11-20 18:00:00,"12,0060,3,1"
2021-11-20 21:00:00,
2021-11-21 00:00:00,
2021-11-21 03:00:00,
2021-11-21 06:00:00,
2021-11-21 09:00:00,
2021-11-21 10:41:00,
2021-11-21 12:00:00,
2021-11-21 15:00:00,
2021-11-21 21:00:00,
2021-11-22 00:00:00,"18,0006,3,1"
2021-11-22 03:00:00,
2021-11-22 06:00:00,
2021-11-22 09:00:00,
2021-11-22 12:00:00,
2021-11-22 18:00:00,
2021-11-22 21:00:00,
2021-11-23 00:00:00,"18,0010,3,1"
2021-11-23 03:00:00,
2021-11-23 06:00:00,"06,0010,3,1"
2021-11-23 09:00:00,
2021-11-23 09:37:00,
2021-11-23 12:00:00,"06,0002,3,1"
2021-11-23 15:00:00,
2021-11-23 18:00:00,
2021-11-23 21:00:00,
2021-11-24 00:00:00,
2021-11-24 03:00:00,
2021-11-24 06:00:00,
2021-11-24 09:00:00,
2021-11-24 12:00:00,
2021-11-24 15:00:00,
2021-11-24 18:00:00,
2021-11-24 21:00:00,
2021-11-25 00:00:00,"18,0002,3,1"
2021-11-25 03:00:00,
2021-11-25 06:00:00,
2021-11-25 09:00:00,
2021-11-25 12:00:00,
2021-11-25 15:00:00,
2021-11-25 16:21:00,
2021-11-25 16:47:00,
2021-11-25 18:00:00,"12,0190,3,1"
2021-11-25 21:00:00,
2021-11-26 00:00:00,"06,0140,3,1"
2021-11-26 03:00:00,
2021-11-26 06:00:00,
2021-11-26 12:00:00,
2021-11-26 15:00:00,
2021-11-26 18:00:00,"12,0100,3,1"
2021-11-26 21:00:00,
2021-11-27 00:00:00,
2021-11-27 03:00:00,
2021-11-27 06:00:00,
2021-11-27 09:00:00,
2021-11-27 11:05:00,
2021-11-27 12:00:00,"06,0070,3,1"
2021-11-27 15:00:00,
2021-11-27 18:00:00,"06,0030,3,1"
2021-11-27 21:00:00,
2021-11-28 00:00:00,"06,0040,3,1"
2021-11-28 00:00:00,
2021-11-28 03:00:00,
2021-11-28 04:06:00,
2021-11-28 06:00:00,
2021-11-28 09:00:00,
2021-11-28 12:00:00,
2021-11-28 15:00:00,
2021-11-28 18:00:00,
2021-11-28 21:00:00,
2021-11-29 00:00:00,
2021-11-29 03:00:00,
2021-11-29 06:00:00,
2021-11-29 09:00:00,
2021-11-29 12:00:00,
2021-11-29 14:43:00,
2021-11-29 15:00:00,
2021-11-29 15:32:00,
2021-11-29 18:00:00,"12,0030,3,1"
2021-11-29 18:25:00,
2021-11-29 21:00:00,
2021-11-30 00:00:00,"06,0200,3,1"
2021-11-30 03:00:00,
2021-11-30 06:00:00,"06,0010,3,1"
2021-11-30 09:00:00,
2021-11-30 12:00:00,"06,0002,3,1"
2021-11-30 18:00:00,
2021-11-30 20:03:00,
2021-11-30 21:00:00,
2021-12-01 15:00:00,
2021-12-01 18:00:00,
2021-12-01 21:00:00,
2021-12-02 03:00:00,
2021-12-02 15:00:00,
2021-12-02 18:00:00,"12,0002,3,1"
2021-12-02 21:00:00,
2021-12-03 00:00:00,
2021-12-03 03:00:00,
2021-12-03 05:52:00,
2021-12-03 06:00:00,
2021-12-03 12:00:00,
2021-12-04 17:00:00,
2021-12-04 18:00:00,"12,0140,3,1"
2021-12-04 19:19:00,
2021-12-04 19:22:00,
2021-12-04 21:00:00,
2021-12-05 00:00:00,"06,0140,3,1"
2021-12-05 00:52:00,
2021-12-05 03:00:00,
2021-12-05 06:00:00,"06,0050,3,1"
2021-12-05 09:00:00,
2021-12-05 12:00:00,"06,0010,3,1"
2021-12-05 15:00:00,
2021-12-05 18:00:00,
2021-12-05 21:00:00,
2021-12-06 00:00:00,"06,0010,3,1"
2021-12-06 03:00:00,
2021-12-06 06:00:00,
2021-12-06 09:00:00,
2021-12-06 12:00:00,"06,0002,3,1"
2021-12-06 15:00:00,
2021-12-06 18:00:00,
2021-12-06 21:00:00,
2021-12-06 22:26:00,
2021-12-07 00:00:00,
2021-12-07 03:00:00,
2021-12-07 06:00:00,
2021-12-07 09:00:00,
2021-12-07 12:00:00,
2021-12-07 15:00:00,
2021-12-07 18:00:00,
2021-12-07 19:38:00,
2021-12-07 21:00:00,
2021-12-08 00:00:00,"18,0040,3,1"
2021-12-08 03:00:00,
2021-12-08 06:00:00,"06,0010,3,1"
2021-12-08 09:00:00,
2021-12-08 10:19:00,
2021-12-08 12:00:00,"06,0002,3,1"
2021-12-08 15:00:00,
2021-12-08 18:00:00,
2021-12-08 21:00:00,
2021-12-09 00:00:00,
2021-12-09 03:00:00,
2021-12-09 06:00:00,
2021-12-09 09:00:00,
2021-12-09 12:00:00,
2021-12-09 15:00:00,
2021-12-09 18:00:00,
2021-12-09 21:00:00,
2021-12-10 00:00:00,
2021-12-10 03:00:00,
2021-12-10 06:00:00,
2021-12-10 09:00:00,
2021-12-10 12:00:00,
2021-12-10 15:00:00,
2021-12-10 18:00:00,
2021-12-10 21:00:00,
2021-12-11 00:00:00,
2021-12-11 03:00:00,
2021-12-11 05:33:00,
2021-12-11 06:00:00,
2021-12-11 09:00:00,
2021-12-11 12:00:00,
2021-12-11 14:00:00,
2021-12-11 14:01:00,
2021-12-11 14:10:00,
2021-12-11 15:00:00,
2021-12-11 18:00:00,"12,0120,3,1"
2021-12-11 21:00:00,
2021-12-12 00:00:00,"06,0010,3,1"
2021-12-12 03:00:00,
2021-12-12 05:18:00,
2021-12-12 06:00:00,"06,0010,3,1"
2021-12-12 09:00:00,
2021-12-12 12:00:00,
2021-12-12 15:00:00,
2021-12-12 18:00:00,
2021-12-12 18:47:00,
2021-12-12 21:00:00,
2021-12-13 00:00:00,
2021-12-13 03:00:00,
2021-12-13 06:00:00,"24,0070,3,1"
2021-12-13 09:00:00,
2021-12-14 06:00:00,"24,0110,3,1"
2021-12-14 15:00:00,
2021-12-14 18:00:00,
2021-12-14 21:00:00,
2021-12-15 00:00:00,
2021-12-15 03:00:00,
2021-12-15 06:00:00,
2021-12-15 09:00:00,
2021-12-15 12:00:00,
2021-12-15 15:00:00,
2021-12-15 18:00:00,
2021-12-15 21:00:00,
2021-12-15 22:18:00,
2021-12-16 00:00:00,"18,0360,3,1"
2021-12-16 03:00:00,
2021-12-16 09:00:00,
2021-12-16 12:00:00,
2021-12-16 15:00:00,
2021-12-16 18:00:00,
2021-12-16 21:00:00,
2021-12-17 00:00:00,
2021-12-17 03:00:00,
2021-12-17 06:00:00,
2021-12-17 09:00:00,
2021-12-17 12:00:00,
2021-12-17 15:00:00,
2021-12-17 18:00:00,
2021-12-18 00:00:00,
2021-12-18 03:00:00,
2021-12-18 06:00:00,
2021-12-18 09:00:00,
2021-12-18 12:00:00,
2021-12-18 15:00:00,
2021-12-18 18:00:00,
2021-12-18 21:00:00,
2021-12-19 00:00:00,"18,0010,3,1"
2021-12-19 03:00:00,
2021-12-19 06:00:00,
2021-12-19 09:00:00,
2021-12-19 12:00:00,
2021-12-19 15:00:00,
2021-12-19 18:00:00,
2021-12-19 21:00:00,
2021-12-20 00:00:00,
2021-12-20 04:46:00,
2021-12-20 06:00:00,"24,0004,3,1"
2021-12-20 09:00:00,
2021-12-20 12:00:00,
2021-12-20 15:00:00,
2021-12-20 18:00:00,
2021-12-20 21:00:00,
2021-12-21 00:00:00,
2021-12-21 03:00:00,
2021-12-21 06:00:00,
2021-12-21 09:00:00,
2021-12-21 12:00:00,
2021-12-21 15:00:00,
2021-12-21 18:00:00,
2021-12-21 21:00:00,
2021-12-22 00:00:00,
2021-12-22 03:00:00,
2021-12-22 06:00:00,
2021-12-22 09:00:00,
2021-12-22 12:00:00,
2021-12-22 15:00:00,
2021-12-22 18:00:00,
2021-12-22 21:00:00,
2021-12-23 00:00:00,
2021-12-23 01:11:00,
2021-12-23 03:00:00,
2021-12-23 03:40:00,
2021-12-23 04:00:00,
2021-12-23 06:00:00,"24,0100,3,1"
2021-12-23 06:23:00,
2021-12-23 09:00:00,
2021-12-23 12:00:00,"06,0010,3,1"
2021-12-23 15:00:00,
2021-12-23 21:00:00,
2021-12-24 00:00:00,"18,0010,3,1"
2021-12-24 03:00:00,
2021-12-24 06:00:00,
2021-12-24 09:00:00,
2021-12-24 12:00:00,
2021-12-24 15:00:00,
2021-12-24 18:00:00,
2021-12-24 21:00:00,
2021-12-25 00:00:00,
2021-12-25 03:00:00,
2021-12-25 06:00:00,
2021-12-25 12:00:00,
2021-12-25 13:10:00,
2021-12-25 13:41:00,
2021-12-25 15:00:00,
2021-12-25 16:00:00,
2021-12-25 17:03:00,
2021-12-25 18:00:00,"12,0050,3,1"
2021-12-25 21:00:00,
2021-12-26 00:00:00,"06,0040,3,1"
2021-12-26 03:00:00,
2021-12-26 06:00:00,
2021-12-26 09:00:00,
2021-12-26 12:00:00,
2021-12-26 15:00:00,
2021-12-26 18:00:00,
2021-12-26 21:00:00,
2021-12-27 00:00:00,
2021-12-27 03:00:00,
2021-12-27 06:00:00,"24,0080,3,1"
2021-12-27 07:07:00,
2021-12-27 08:21:00,
2021-12-27 09:00:00,
2021-12-27 09:38:00,
2021-12-27 11:05:00,
2021-12-27 12:00:00,"06,0120,3,1"
2021-12-27 15:00:00,
2021-12-27 15:22:00,
2021-12-27 18:00:00,"06,0070,3,1"
2021-12-27 19:00:00,
2021-12-27 21:00:00,
2021-12-28 00:00:00,"06,0010,3,1"
2021-12-28 03:00:00,
2021-12-28 06:00:00,
2021-12-28 07:00:00,
2021-12-28 09:00:00,
2021-12-28 12:00:00,
2021-12-28 15:00:00,
2021-12-28 18:00:00,
2021-12-28 21:00:00,
2021-12-29 00:00:00,
2021-12-29 03:00:00,
2021-12-29 04:48:00,
2021-12-29 06:00:00,
2021-12-29 09:00:00,
2021-12-29 12:00:00,
2021-12-29 15:00:00,
2021-12-29 18:00:00,
2021-12-29 21:00:00,
2021-12-30 00:00:00,
2021-12-30 03:00:00,
2021-12-30 06:00:00,
2021-12-30 09:00:00,
2021-12-30 12:00:00,
2021-12-30 15:00:00,
2021-12-30 18:00:00,
2021-12-30 21:00:00,
2021-12-31 00:00:00,
2021-12-31 03:00:00,
2021-12-31 06:00:00,
2021-12-31 09:00:00,
2021-12-31 12:00:00,
2021-12-31 15:00:00,
2021-12-31 18:00:00,"12,0010,3,1"
2021-12-31 21:00:00,
2022-01-01 00:00:00,"06,0040,3,1"
2022-01-01 03:00:00,
2022-01-01 06:00:00,"06,0010,3,1"
2022-01-01 09:00:00,
2022-01-01 12:00:00,
2022-01-01 15:00:00,
2022-01-01 18:00:00,
2022-01-01 21:00:00,
2022-01-02 00:00:00,
2022-01-02 03:00:00,
2022-01-02 06:00:00,
2022-01-02 09:00:00,
2022-01-02 12:00:00,
2022-01-02 15:00:00,
2022-01-02 16:39:00,
2022-01-02 17:35:00,
2022-01-02 18:00:00,"12,0010,3,1"
2022-01-02 21:00:00,
2022-01-03 00:00:00,"06,0020,3,1"
2022-01-03 03:00:00,
2022-01-03 06:00:00,
2022-01-03 09:00:00,
2022-01-03 15:00:00,
2022-01-03 18:00:00,
2022-01-03 21:00:00,
2022-01-04 00:00:00,
2022-01-04 03:00:00,
2022-01-04 05:15:00,
2022-01-04 05:24:00,
2022-01-04 06:00:00,"24,0010,3,1"
2022-01-04 06:40:00,
2022-01-04 09:00:00,
2022-01-04 12:00:00,"06,0002,3,1"
2022-01-04 15:00:00,
2022-01-04 18:00:00,
2022-01-04 21:00:00,
2022-01-05 00:00:00,
2022-01-05 03:00:00,
2022-01-05 06:00:00,
2022-01-05 09:00:00,
2022-01-05 12:00:00,
2022-01-05 15:00:00,
2022-01-05 15:41:00,
2022-01-05 18:00:00,"12,0060,3,1"
2022-01-05 21:00:00,
2022-01-06 00:00:00,
2022-01-06 03:00:00,
2022-01-06 03:52:00,
2022-01-06 04:27:00,
2022-01-06 06:00:00,"24,0180,3,1"
2022-01-06 07:33:00,
2022-01-06 09:00:00,
2022-01-06 09:15:00,
2022-01-06 12:00:00,"06,0120,3,1"
2022-01-06 15:00:00,
2022-01-06 18:00:00,"06,0020,3,1"
2022-01-06 21:00:00,
2022-01-07 00:00:00,
2022-01-07 02:39:00,
2022-01-07 03:00:00,
2022-01-07 06:00:00,
2022-01-07 06:51:00,
2022-01-07 09:00:00,
2022-01-07 12:00:00,
2022-01-07 14:37:00,
2022-01-07 15:00:00,
2022-01-07 18:00:00,"12,0320,3,1"
2022-01-07 21:00:00,
2022-01-08 00:00:00,
2022-01-08 03:00:00,
2022-01-08 06:00:00,"06,0010,3,1"
2022-01-08 09:00:00,
2022-01-08 12:00:00,"06,0002,3,1"
2022-01-08 15:00:00,
2022-01-08 18:00:00,
2022-01-08 21:00:00,
2022-01-09 00:00:00,
2022-01-09 03:00:00,
2022-01-09 06:00:00,
2022-01-09 09:00:00,
2022-01-09 12:00:00,
2022-01-09 15:00:00,
2022-01-09 18:00:00,
2022-01-09 21:00:00,
2022-01-10 00:00:00,
2022-01-10 03:00:00,
2022-01-10 06:00:00,
2022-01-10 09:00:00,
2022-01-10 12:00:00,
2022-01-10 15:00:00,
2022-01-10 18:00:00,
2022-01-10 21:00:00,
2022-01-11 00:00:00,
2022-01-11 12:00:00,
2022-01-12 09:00:00,
2022-01-13 06:00:00,
2022-01-13 18:00:00,
2022-01-13 21:00:00,
2022-01-14 00:00:00,
2022-01-14 03:00:00,
2022-01-14 06:00:00,
2022-01-14 09:00:00,
2022-01-14 12:00:00,
2022-01-14 15:00:00,
2022-01-14 17:40:00,
2022-01-14 18:00:00,
2022-01-14 21:00:00,
2022-01-14 21:22:00,
2022-01-15 00:00:00,"18,0030,3,1"
2022-01-15 03:00:00,
2022-01-15 03:13:00,
2022-01-15 06:00:00,"06,0050,3,1"
2022-01-15 09:00:00,
2022-01-15 12:00:00,
2022-01-15 15:00:00,
2022-01-15 18:00:00,"12,0002,3,1"
2022-01-15 21:00:00,
2022-01-16 00:00:00,
2022-01-16 03:00:00,
2022-01-16 06:00:00,
2022-01-16 09:00:00,
2022-01-16 12:00:00,
2022-01-16 15:00:00,
2022-01-16 18:00:00,
2022-01-16 21:00:00,
2022-01-17 00:00:00,
2022-01-17 03:00:00,
2022-01-17 06:00:00,"24,0002,3,1"
2022-01-17 09:00:00,
2022-01-26 18:00:00,
2022-01-26 21:00:00,
2022-01-27 00:00:00,
2022-01-27 03:00:00,
2022-01-27 06:00:00,
2022-01-27 12:00:00,
2022-01-27 12:48:00,
2022-01-27 15:00:00,
2022-01-27 18:00:00,"12,0002,3,1"
2022-01-27 21:00:00,
2022-01-28 00:00:00,"06,0004,3,1"
2022-01-28 03:00:00,
2022-01-28 06:00:00,
2022-01-28 09:00:00,
2022-01-28 12:00:00,"06,0002,3,1"
2022-01-28 15:00:00,
2022-01-28 18:00:00,"06,0006,3,1"
2022-01-28 21:00:00,
2022-01-29 00:00:00,"06,0072,3,1"
2022-01-29 03:00:00,
2022-01-29 06:00:00,"06,0010,3,1"
2022-01-29 09:00:00,
2022-01-29 12:00:00,
2022-01-29 15:00:00,
2022-01-29 18:00:00,"12,0008,3,1"
2022-01-29 21:00:00,
2022-01-30 00:00:00,"06,0002,3,1"
2022-01-30 03:00:00,
2022-01-30 06:00:00,
2022-01-30 09:00:00,
2022-01-30 12:00:00,"06,0010,3,1"
2022-01-30 15:00:00,
2022-01-30 18:00:00,
2022-01-30 21:00:00,
2022-01-31 00:00:00,"06,0040,3,1"
2022-01-31 03:00:00,
2022-01-31 06:00:00,"06,0010,3,1"
2022-01-31 09:00:00,
2022-01-31 12:00:00,"06,0002,3,1"
2022-01-31 15:00:00,
2022-01-31 18:00:00,
2022-01-31 21:00:00,
2022-02-01 00:00:00,
2022-02-01 03:00:00,
2022-02-01 06:00:00,
2022-02-01 09:00:00,
2022-02-01 12:00:00,
2022-02-01 15:00:00,
2022-02-01 18:00:00,
2022-02-01 21:00:00,
2022-02-02 00:00:00,
2022-02-02 03:00:00,
2022-02-02 06:00:00,
2022-02-02 09:00:00,
2022-02-02 12:00:00,
2022-02-02 15:00:00,
2022-02-02 18:00:00,
2022-02-02 21:00:00,
2022-02-03 00:00:00,
2022-02-03 03:00:00,
2022-02-03 06:00:00,
2022-02-03 09:00:00,
2022-02-03 12:00:00,
2022-02-04 12:00:00,"06,0002,3,1"
2022-02-04 15:00:00,
2022-02-04 18:00:00,"06,0098,3,1"
2022-02-04 18:07:00,
2022-02-04 21:00:00,
2022-02-05 00:00:00,"06,0890,3,1"
2022-02-05 03:00:00,
2022-02-05 06:00:00,"06,0160,3,1"
2022-02-05 09:00:00,
2022-02-05 12:00:00,
2022-02-05 15:00:00,
2022-02-05 18:00:00,
2022-02-05 21:00:00,
2022-02-06 00:00:00,
2022-02-06 03:00:00,
2022-02-06 06:00:00,
2022-02-06 09:00:00,
2022-02-06 12:00:00,
2022-02-06 15:00:00,
2022-02-06 18:00:00,
2022-02-06 21:00:00,
2022-02-07 00:00:00,
2022-02-07 03:00:00,
2022-02-07 06:00:00,
2022-02-07 09:00:00,
2022-02-07 12:00:00,
2022-02-07 15:00:00,
2022-02-07 18:00:00,
2022-02-07 21:00:00,
2022-02-08 00:00:00,
2022-02-08 03:00:00,
2022-02-08 06:00:00,
2022-02-08 09:00:00,
2022-02-09 06:00:00,"24,0030,3,1"
2022-02-09 09:00:00,
2022-02-09 12:00:00,
2022-02-09 15:00:00,
2022-02-09 18:00:00,
2022-02-09 21:00:00,
2022-02-10 00:00:00,"18,0250,3,1"
2022-02-10 03:00:00,
2022-02-10 06:00:00,
2022-02-10 09:00:00,
2022-02-10 12:00:00,"06,0002,3,1"
2022-02-10 12:33:00,
2022-02-10 15:00:00,
2022-02-10 18:00:00,
2022-02-10 19:16:00,
2022-02-10 21:00:00,
2022-02-11 00:00:00,
2022-02-11 03:00:00,
2022-02-11 06:00:00,
2022-02-11 09:00:00,
2022-02-11 12:00:00,
2022-02-11 15:00:00,
2022-02-11 18:00:00,
2022-02-11 21:00:00,
2022-02-12 00:00:00,
2022-02-12 03:00:00,
2022-02-12 06:00:00,
2022-02-12 09:00:00,
2022-02-13 18:00:00,
2022-02-13 21:00:00,
2022-02-14 00:00:00,
2022-02-14 03:00:00,
2022-02-14 06:00:00,
2022-02-14 09:00:00,
2022-02-14 12:00:00,
2022-02-14 15:00:00,
2022-02-14 18:00:00,
2022-02-14 21:00:00,
2022-02-15 00:00:00,
2022-02-15 03:00:00,
2022-02-15 06:00:00,
2022-02-15 09:00:00,
2022-02-15 12:00:00,
2022-02-15 15:00:00,
2022-02-15 18:00:00,
2022-02-15 21:00:00,
2022-02-17 12:00:00,
2022-02-17 15:00:00,
2022-02-17 18:00:00,"12,0004,3,1"
2022-02-17 21:00:00,